timestamp_iso,note
2026-06-04T12:55:00-04:00,
2026-06-04T13:50:00-04:00,
2026-06-04T14:45:00-04:00,
2026-06-04T15:40:00-04:00,
2026-06-04T16:35:00-04:00,
2026-06-04T17:30:00-04:00,
2026-06-04T18:25:00-04:00,
2026-06-04T19:20:00-04:00,
2026-06-04T20:15:00-04:00,
2026-06-05T00:20:00-04:00,
2026-06-05T01:25:00-04:00,
2026-06-05T02:30:00-04:00,
2026-06-05T03:35:00-04:00,
2026-06-05T04:40:00-04:00,
2026-06-05T05:45:00-04:00,
2026-06-05T06:50:00-04:00,
2026-06-05T07:55:00-04:00,
2026-06-05T09:00:00-04:00,
2026-06-05T12:15:00-04:00,
2026-06-05T13:30:00-04:00,
2026-06-05T14:45:00-04:00,
2026-06-05T16:00:00-04:00,
2026-06-05T17:15:00-04:00,
2026-06-05T18:30:00-04:00,
2026-06-05T19:45:00-04:00,
2026-06-05T21:00:00-04:00,
2026-06-05T22:15:00-04:00,
2026-06-05T23:30:00-04:00,
2026-06-06T00:45:00-04:00,
2026-06-06T02:00:00-04:00,
2026-06-06T03:15:00-04:00,
2026-06-06T04:30:00-04:00,
